{
  "project_info": {
    "project_number": "767974773076",
    "project_id": "cards-for-smarts",
    "storage_bucket": "cards-for-smarts.appspot.com"
  },
  "client": [
    {
      "client_info": {
        "mobilesdk_app_id": "1:767974773076:android:0f6fca17c4b457eaf1f8c1",
        "android_client_info": {
          "package_name": "com.example.cardsforsmarts"
        }
      },
      "oauth_client": [
        {
          "client_id": "767974773076-jp4fopq3n931774445sqcs6pc1066n4l.apps.googleusercontent.com",
          "client_type": 1,
          "android_info": {
            "package_name": "com.example.cardsforsmarts",
            "certificate_hash": "c1c7fa578a1a2b6e0345dda01495df29f3dfe8f2"
          }
        },
        {
          "client_id": "767974773076-kr19gm7tbis9al1lv6537ss35fenvl9k.apps.googleusercontent.com",
          "client_type": 3
        }
      ],
      "api_key": [
        {
          "current_key": "AIzaSyCyboljksZZhVnNJzKpDaDToPRRdGw1jGg"
        }
      ],
      "services": {
        "appinvite_service": {
          "other_platform_oauth_client": [
            {
              "client_id": "767974773076-kr19gm7tbis9al1lv6537ss35fenvl9k.apps.googleusercontent.com",
              "client_type": 3
            }
          ]
        }
      }
    }
  ],
  "configuration_version": "1"
}